CU캐시비그린,"4,000
원"
HEYROO콘소메맛팝콘1500,"1,500
원"
헤이루)친환경종이컵10P,"700
원"
헤이루)친환경음료수컵20P,"2,500
원"
22del)헤이즐넛향335ml,"1,200
원"
HEYROO뻥이요스낵1200,"1,200
원"
HEYROO속초홍게라면,"1,700
원"
HEYROO마늘맛콘스낵N,"1,500
원"
22del)스윗아메리카노230,"900
원"
HEYROO제주마늘라면컵,"1,700
원"
21델)복숭아아이스티,"700
원"
HEYROO미네랄워터P1L,"900
원"
21델)1L아메리카노스위트,"3,300
원"
GET허쉬초코카페모카30g,"600
원"
HEYROO버터스틱쿠키N,"1,800
원"
21델)빅헤이즐넛향,"1,100
원"
GET즉석바닐라라떼30g,"500
원"
헤이루)친환경소주컵10P,"400
원"
HEYROO)타포린쇼핑백특대,"4,500
원"
HEYROO블루레몬에이드360,"1,000
원"
21델)제주한라봉에이드,"700
원"
HEYROO오렌지270ml,"1,700
원"
HEYROO김두부스낵,"1,200
원"
GET아메리카노원컵,"1,100
원"
20델)홍시에이드,"700
원"
21델)카라멜마끼야또,"1,000
원"
HEYROO바지락칼국수컵,"2,300
원"
HEYROO매운까르보볶이,"1,500
원"
HEYROO흰우유1L,"2,400
원"
20델)빅블랙아메리카노,"1,000
원"
HEYROO오렌지주스750ml,"3,500
원"
21델)타트체리에이드,"1,000
원"
22del)청포도에이드500ml,"1,800
원"
22del)프로틴초코쉐이크,"1,200
원"
햄)백종원추억의햄버거,"2,800
원"
21델)블루레몬에이드,"700
원"
HEYROO헛개열매꿀물,"1,300
원"
팔도한끼)간편된장찌개,"5,900
원"
HEYROO오란다스낵1500,"1,500
원"
HEYROO쫀득한떡볶이매운,"2,000
원"
HEYROO아카시아꿀물,"1,300
원"
21델)1L헤이즐넛향,"3,300
원"
HEYROO컵육개장,"1,000
원"
헤이루)친환경공기10P,"2,400
원"
21델)1L블랙아메리카노,"3,300
원"
22del)복숭아에이드335ml,"1,200
원"
HEYROO빅초코우유500ml,"1,700
원"
HEYROO파르페플러리,"2,500
원"
HEYROO작은별초코스낵N,"1,500
원"
HEYROO고소한치즈팝콘1500,"1,500
원"
HEYROO레드체리에이드,"1,000
원"
22del)블랙아메리카노230,"900
원"
21델)아메리카노스위트,"800
원"
HEYROO핫팝콘,"1,600
원"
22del)진짜망고에이드230,"1,500
원"
HEYROO왕소라과자1200,"1,200
원"
HEYROO빅요구르트450,"1,800
원"
HEYROO작은별딸기스낵N,"1,500
원"
HEYROO딸기연유빙수컵,"2,500
원"
HEYROO뻥이요스낵N,"1,500
원"
●HEYROO오렌지주스270ml,"1,700
원"
21델)빅블랙아메리카노,"1,100
원"
21델)제주유자에이드,"700
원"
HEYROO핑크리치에이드,"1,000
원"
HEYROO떡볶이스낵N,"1,500
원"
HEYROO블루레몬에이드,"1,000
원"
21델)디카페인블랙,"1,000
원"
HEYROO미네랄워터500ml,"600
원"
HEYROO크래빗90g,"1,700
원"
HEYROO컵국미역국,"1,200
원"
HEYROO빅커피500ml,"1,700
원"
HEYROO쌀밥득템6입,"6,480
원"
HEYROO파르페딸기,"2,500
원"
22del)타트체리에이드230,"900
원"
22del)핑크캐모마일230ml,"900
원"
HEYROO까망베르쿠키1200,"1,200
원"
21델)리얼딸기망고에이드,"1,200
원"
22del)블루레몬에이드335,"1,200
원"
21델)믹스커피,"1,000
원"
GET헤이즐넛향원컵,"1,100
원"
22del)스윗아메리카노1L,"3,500
원"
HEYROO구운마늘바게트1500,"1,500
원"
HEYROO미네랄워터P2L,"1,200
원"
HEYROO자몽750ml,"3,500
원"
22del)진짜피치에이드230,"1,500
원"
HEYROO콘치즈그라탕,"3,900
원"
HEYROO쫀득한떡볶이짜장,"2,000
원"
헤이루)친환경접시중10P,"2,200
원"
22del)진짜꿀배에이드230,"1,500
원"
22del)블랙아메리카노500,"1,800
원"
21델)블랙아메리카노,"800
원"
HEYROO진한초코칩쿠키,"1,200
원"
HEYROO간장치킨맛팝콘1200,"1,200
원"
HEYROO탄산수플레인500,"1,000
원"
22del)헤이즐넛향1L,"3,500
원"
HEYROO사과주스270ml,"1,700
원"
HEYROO크래미아샐러드,"2,800
원"
22del)예멘모카230ml,"1,500
원"
delaffe사과아이스,"1,000
원"
HEYROO아메리카노P1L,"2,600
원"
HEYROO계란국,"1,200
원"
HEYROO고구마형과자NEW,"1,500
원"
HEYROO저지방우유300ml,"1,200
원"
HEYROO초코칩쿠키N,"1,800
원"
HEYROO)종이쇼핑백(중),"1,800
원"
GET헤이즐넛향시럽,"400
원"
HEYROO체다치즈나쵸칩,"1,500
원"
HEYROO카라멜팝콘1500,"1,500
원"
21델)빅청포도에이드,"1,000
원"
HEYROO우유득템1.8L,"4,150
원"
HEYROO자몽270ml,"1,700
원"
22del)복숭아에이드500ml,"1,800
원"
22del)유기농식혜230ml,"1,200
원"
22del)스윗아메리카노500,"1,800
원"
21델)벤티블랙아메리카노,"1,600
원"
22del)헤이즐넛향230ml,"900
원"
HEYROO콘칩매콤달콤한맛,"1,000
원"
22del)청포도에이드335ml,"1,200
원"
HEYROO마늘맛콘스낵1200,"1,200
원"
HEYROO신불닭비빔면컵,"3,200
원"
HEYROO청양고추라면컵,"1,700
원"
HEYROO우유팥빙수,"2,500
원"
22del)디카페인아메리카노,"900
원"
HEYROO빅요구르트270ml,"1,200
원"
21델)하와이안코나블렌딩,"2,000
원"
22del)블루레몬에이드500,"1,800
원"
HEYROO고소한뉴짱NEW,"1,500
원"
HEYROO자몽500ml,"2,800
원"
22del)하와이안코나230ml,"1,500
원"
HEYROO소프트계란과자N,"1,800
원"
HEYROO리틀치즈큐브,"1,200
원"
21델)자몽허니블랙티,"1,000
원"
HEYROO유산슬덮밥,"3,500
원"
HEYROO오리지널버터팝콘N,"1,500
원"
HEYROO소프트인절미스낵,"1,500
원"
HEYROO고구마스낵1200,"1,200
원"
HEYROO컵국육개장,"1,200
원"
del)빅볼컵얼음160g,"1,200
원"
22del)진짜파인에이드230,"1,500
원"
HEYROO)크래빗180g,"3,000
원"
HEYROO오리지널새우칩1600,"1,600
원"
21델)리얼애플에이드,"3,500
원"
HEYROO컵두부된장국,"1,000
원"
22del)블랙아메리카노1L,"3,500
원"
HEYROO꼬불이라면스낵1200,"1,200
원"
HEYROO계란득템15입,"4,900
원"
HEYROO구운계란득템10입,"4,900
원"
del)벤티컵얼음400g,"1,200
원"
21델)1L복숭아아이스티,"3,300
원"
샌)햄에그치즈샌드위치,"3,000
원"
HEYROO맛새우칩,"1,200
원"
HEYROO치즈맛라면컵,"1,400
원"
HEYROO군옥수수맛콘칩NEW,"1,600
원"
HEYROO파르페초코볼,"2,500
원"
HEYROO파르페초코,"2,500
원"
HEYROO카라멜러스크N,"1,800
원"
22del)카라멜마끼야또230,"1,200
원"
HEYROO오리지널감자칩,"1,000
원"
21델)헤이즐넛향,"800
원"
GET더치커피워터P330ml,"2,000
원"
HEYROO하늘의별딸기,"1,200
원"
21델)피치우롱티,"1,000
원"
HEYROO오렌지500ml,"2,800
원"
HEYROO진한홍삼꿀물,"1,300
원"
22del)자메이카블루230ml,"1,500
원"
HEYROO왕소라형과자1500,"1,500
원"
20델)블랙아메리카노,"700
원"
HEYROO크림맛팝콘,"1,200
원"
헤이루)친환경접시대10P,"2,400
원"
21델)더블자몽에이드,"1,000
원"
HEYROO컵국미소된장국,"1,200
원"
HEYROO딸기프렌즈우유,"1,850
원"
헤이루)친환경접시소10P,"1,900
원"
HEYROO라면득템5입,"1,900
원"
HEYROO시리얼득템,"3,200
원"
22del)블랙아메리카노335,"1,200
원"
22del)헤이즐넛향500ml,"1,800
원"
HEYROO오란다스낵1200,"1,200
원"
GET토피넛라떼파우더,"500
원"
HEYROO유산슬비빔면컵,"3,200
원"
delaffe청포도아이스,"1,000
원"
HEYROO콰트로치즈나쵸,"1,800
원"
팔도한끼)간편부대찌개,"6,900
원"
GET커피다크블렌드500g,"17,000
원"
팔도한끼)간편순두부찌개,"6,900
원"
헤이루)친환경종이컵50P,"2,200
원"
delaffe모히또아이스,"1,000
원"
HEYROO메론우유맛스낵,"1,200
원"
HEYROO흑임자빙수,"2,500
원"
21델)아이스카페라떼,"1,200
원"
HEYROO커피프렌즈우유,"1,850
원"
HEYROO육개장칼국수컵,"2,900
원"
HEYROO후레쉬콘샐러드,"2,600
원"
20델)수박에이드,"700
원"
22del)복숭아에이드230ml,900
22del)스윗아메리카노335,
HEYROO쌀떡볶이1200,"1,200
원"
HEYROO맥앤로제그라탕,"4,900
원"
HEYROO맥앤치즈그라탕,"4,900"
,
22del)진짜애플에이드230,"1,500
원"
21델)빅아메리카노스위트,"1,100
원"
HEYROO믹스커피P1L,"3,000"
,
HEYROO우유쿠키빙수,"2,500
원"
HEYROO우거지된장국,"1,200
원"
HEYROO바나나프렌즈우유,"1,850"
