쿠캣)복숭아쏙찹쌀떡2입,"2,900원"
유어스)8핀PD충전기(25W),"18,900원"
유어스)C타입PD충전기(25W),"16,900원"
유어스(P)메로나애플망고빙수,"3,500원"
유어스(P)오모리김치찌개국밥,"4,200원"
춘식이)폴라포라즈베리120ML,"1,500원"
유어스)덴마크드링킹복숭아500ML,"2,300원"
유어스)덴마크드링킹딸기500ML,"2,300원"
춘식이)허니그릭요거트콘160ML,"2,000원"
Y(P)제주식해장국라면(대컵),"1,950원"
유어스)짱구는못말려초코렛타,"1,500원"
유어스(P)타이거슈가우롱밀크티,"2,200원"
유어스(P)타이거슈가딥초코밀크,"2,200원"
유어스)베이직물티슈20매,"1,000원"
유어스(P)프리미엄물티슈70매캡,"3,400원"
22년유어스)전통식혜230ML,"1,200원"
22년유어스)벤티제로헤이즐넛향,"1,600원"
22년유어스)추억의다방커피230ML,"1,200원"
22년유어스(P)제로자몽블랙티,"1,000원"
22년유어스(P)제로레몬에이드,"1,000원"
갓생)최고심핑크캐모마일230ML,800원
갓생)최고심블랙밀크티230ML,"1,000원"
유어스)모찌롤(티라미수),"3,500원"
22년유어스)콜라겐청사과에이드,"1,200원"
Y)코리안좀비에너지드링크(로우),"2,000원"
Y)코리안좀비에너지드링크,"2,000원"
22년유어스)벚꽃에이드230ML,"1,200원"
22년유어스)콜라겐자두에이드,"1,200원"
유어스)배트맨콜라350ML,"1,700원"
유어스)슈퍼맨사이다350ML,"1,700원"
유어스)강철부대꿀튀긴건빵125G,"1,500원"
유어스)슈퍼히어로드링크120ML,900원
22년유어스)복숭아스무디230ML,"1,200원"
22년유어스)카라멜마끼아또230ML,"1,200원"
유어스(P)더로얄티라미수,"3,500원"
22년유어스)아이스카페라떼230ML,"1,200원"
22년유어스)헤이즐넛라떼230ML,"1,200원"
22년유어스)복숭아망고콤부차230,"1,200원"
칼로바이)프로틴파워쉐이크포도,"1,800원"
칼로바이)프로틴파워쉐이크초코,"1,800원"
22년유어스)추억의미숫가루230ML,"1,200원"
22년유어스)카라멜마끼아또340ML,"1,400원"
22년유어스)자몽에이드340ML,"1,000원"
22년유어스)블랙레몬에이드340ML,"1,000원"
22년유어스)아이스쵸코230ML,"1,300원"
Y)야쿠르트그랜드샤인머스캣280,"1,400원"
유어스)동원참치김치찌개&밥,"4,900원"
22년유어스)빅아메(블랙)340ML,"1,000원"
22년유어스)빅헤이즐넛향340ML,"1,000원"
22년유어스)청포도에이드340ML,"1,000원"
22년유어스)헤이즐넛향230ML,700원
22년유어스)수박에이드230ML,"1,000원"
22년유어스)블루레몬에이드230ML,700원
22년유어스)빅복숭아아이스티340,"1,000원"
22년유어스)복숭아아이스티230ML,700원
22년유어스)아메(스위트)230ML,700원
22년유어스)빅콜드(블랙)340ML,"1,200원"
22년유어스)빅아메(스위트)340ML,"1,000원"
22년유어스)아메리카노블랙230ML,700원
유어스)모카점보롤케익,"4,800원"
유어스)모찌롤(맘모스),"3,500원"
Y(P)농협땅콩강정140G,"3,000원"
Y(P)농협쌀튀밥180G,"2,800원"
유어스)꿀젤리블리60G,900원
Y(P)을지로라면볶음밥(짜장맛),"3,500원"
Y(P)을지로라면볶음밥(매운맛),"3,500원"
유어스)죠스떡볶이273G,"3,500원"
유어스)전주식물짜장360G,"3,700원"
유어스)유부우동230G,"3,000원"
유어스)일회용치실(500D)*36입,"2,700원"
유어스)민트향치실(500D)*50M,"2,700원"
유어스)일반형치간칫솔0.9(10입),"3,900원"
유어스)일반형치간칫솔0.7(10입),"3,900원"
쿠캣)망고쏙우유찹쌀떡2입,"2,900원"
유어스)삼립호호단팥두유190ML,"1,500원"
유어스)빵가루200G[D2],"1,600원"
유어스)마포갈매기매콤돼지껍딱,"6,900원"
유어스)틱톡젤리리치3000,"3,000원"
유어스)대구식양념불막창180G,"7,500원"
Y(P)오모리김치찌개떡국187G,"3,500원"
유어스)유미의세포들왕교자만두,"3,200원"
유어스)바지락백짬뽕246G,"3,800원"
유어스)빵빠레샌드카스타드180ML,"2,000원"
유어스)끓여먹는한강라면(진라면,"2,500원"
갓생기획)노티드라즈베리밀크,"1,500원"
갓생기획)노티드바나나밀크300ML,"1,500원"
갓생기획)노티드바닐라밀크300ML,"1,500원"
유어스)피크닉컵사과190ML,"1,800원"
유어스)맵데이직화오돌뼈,"7,900원"
유어스)맵데이직화무뼈닭발,"7,900원"
유어스)짬탕면350G,"4,800원"
유어스)강철부대누룽지뽀글이90G,"2,900원"
유어스)강철부대김치뽀글이90G,"2,900원"
유어스)대나무화장지3겹12롤,"8,900원"
유어스)포켓쿠션브러시,"4,500원"
유어스)컴팩트여행용세트,"6,500원"
유어스)스위트타트체리주스245ML,"2,900원"
유어스)ABC주스245ML,"2,900원"
유어스)꾸이깡130G,"3,300원"
유어스(P)설목장유기농요거트,"2,400원"
유어스)강철부대허브닭가슴살,"8,200원"
유어스)강철부대닭가슴살(3입),"8,200원"
유어스)프로스펙스비타민바70ML,"1,000원"
Y)스윙칩X다운타우너감자칩,"1,500원"
유어스)나쵸왕할라피뇨맛,"2,400원"
Y)스파클링레몬500ML*6(무라벨),"4,800원"
유어스)강철부대빅팜60G,"1,800원"
유어스)닭가슴살후랑크70G,"1,800원"
Y(P)오모리김치볶음밥누룽지,"2,200원"
유어스)마제소바257G,"3,500원"
유어스)민트쿠키아이스160ML,"2,000원"
오늘의)햄콘치즈그라탕225G,"5,500원"
유어스)방풍비닐장우산화이트70,"9,000원"
유어스)방풍비닐장우산블랙70CM,"9,000원"
유어스)갈비매운만두310G,"5,000원"
Y)지리산맑은샘물500*20(무라벨),"12,000원"
유어스)빵빠레카스타드175ML,"2,000원"
유어스)에코네일파일3P,"1,900원"
유어스)양면쌍꺼풀테이프(누드),"2,800원"
유어스)헤어고무밴드(검갈),"3,200원"
쿠캣)딸기쏙우유찹쌀떡2입,"2,900원"
유어스)그르르냐옹스틱(연어),900원
유어스)그르르냐옹스틱(참치),900원
유어스)그르르냐옹스틱(닭가슴),900원
유어스)베이직물티슈80매(캡형),"2,900원"
유어스)네추럴소프트24롤,"10,900원"
유어스)미용집게핀4P,"2,000원"
유어스)크래미90G(2입),"3,400원"
유어스)탱크보이소다120ML,"1,500원"
유어스(P)할리스바닐라딜라이트,"2,500원"
유어스)감동란쌍란바90ML,"1,500원"
Y)NEW공화춘자장(대컵),"1,650원"
유어스)아카페라바닐라380ML,"2,500원"
유어스)아카페라카라멜380ML,"2,500원"
유어스)아카페라라떼380ML,"2,500원"
유어스)엔초바나나85ML,"1,200원"
유어스)미미네국물떡볶이230G,"3,200원"
유어스)왕큰컵400G,"1,200원"
21년유어스)헤이즐넛라떼230ML,"1,200원"
유어스(P)시카고치즈폭탄피자140,"3,800원"
유어스(P)시카고오리지널피자140,"3,800원"
유어스)세이퓨보드마카,"1,100원"
유어스)세이퓨네임펜,"1,100원"
유어스)세이퓨볼펜0.7(검정),"1,300원"
유어스)벨지안딥초코렛타80G,"1,400원"
유어스)슈넬치킨220G,"5,000원"
유어스)릴리유물티슈30매,"2,800원"
유어스(P)야쿠르트젤리1500,"1,500원"
유어스(P)연세우유콘150ML,"2,000원"
Y)드림아메리카노원컵,"2,300원"
유어스)굿다리76G(3+1기획),"5,700원"
유어스)명품모둠어묵탕,"6,990원"
유어스)네이처화장33M*12롤,"8,900원"
유어스(P)존쿡하몽세라노60G,"7,900원"
유어스)크런키바딸기90ML,"2,000원"
유어스)타이거슈가흑당카페라떼,"2,500원"
유어스(P)할리스콜드브루300ML,"2,500원"
유어스(P)할리스리스트레또300ML,"2,500원"
유어스)달고나라떼250ML,"2,000원"
유어스(P)진심마카롱(3입),"3,500원"
유어스)샤인머스캣500ML,"2,000원"
Y(P)방풍비닐장우산투명65CM,"8,000원"
유어스)비닐장우산화이트55CM,"5,000원"
유어스)하늘가득수박330ML,"1,900원"
유어스)돌덩이얼음3KG,"3,950원"
유어스)돌덩이얼음1KG,"1,850원"
유어스(P)아이스빅볼165G,"1,200원"
유어스)오늘의과일야채ABC190ML,"1,200원"
유어스)고깃집맛된장국(컵국),"1,500원"
유어스)반반수박바75ML,"1,200원"
CAFE25)헤이즐넛1L,"3,900원"
CAFE25)블랙1L,"3,900원"
유어스)김치볶음80G,"1,100원"
유어스(P)공화춘짬뽕육즙만두,"3,700원"
유어스(P)황제컵밥(컵밥),"4,500원"
유어스)베이컨150G,"4,900원"
유어스)허쉬쿠앤크모찌롤,"3,500원"
유어스)야쿠르트그랜드딸기280ML,"1,400원"
유어스)참치마라150G[D2],"3,600원"
유어스)코튼종이면봉,"2,500원"
유어스)매운소스와찰순대283G,"3,600원"
유어스)사골꼬마만둣국(컵국),"1,800원"
Y)틈새라면(대컵),"1,200원"
유어스)장성규선넘은팝콘,"1,500원"
유어스)동물농장연어덴티스트,"2,700원"
유어스)은박호일16*300*30,"7,000원"
유어스)은박도시락(5입),"1,900원"
유어스)은박호일16*250*30,"5,800원"
유어스)은박접시200(10입),"1,700원"
유어스)동물농장게맛살슬라이스,"3,500원"
유어스)동물농장닭가슴슬라이스,"3,500원"
유어스)동물농장치킨롤,"3,800원"
유어스)동물농장황태슬라이스,"3,300원"
유어스)동물농장치킨스테이크,"3,300원"
유어스)마블야쿠르트그랜드450ML,"1,900원"
Y)홍라면매운치즈면(대컵),"1,600원"
유어스)타이거슈가흑당밀크티300,"2,500원"
유어스)동물농장배변봉투(20매),"2,500원"
유어스)차돌떡볶이290G,"4,000원"
유어스)단단한얼음1KG,"1,800원"
Y)공화춘삼선짬뽕(대컵),"1,700원"
유어스)동물농장애묘습식(멸치),"1,500원"
유어스)동물농장애묘습식(참치),"1,500원"
유어스)맑은샘물1.0L(신),900원
유어스)맥주종이컵20입,"2,500원"
유어스)종이컵50입,"2,000원"
유어스)207후랑크120G,"2,000원"
유어스)207소세지120G,"2,100원"
유어스)콤비네이션사각피자120G,"2,500원"
유어스)DMZ맑은샘물2.0L(무라벨),"1,200원"
Y)의성마늘매콤왕교자140G,"3,900원"
유어스)미용티슈250매,"2,900원"
유어스)미니티슈250매,"1,500원"
유어스)친환경다회용포크10입,"1,500원"
유어스(P)에코백우양산(암막형),"15,000원"
유어스(P)장우산70CM(네이비),"15,000원"
유어스(P)3단우산55CM(네이비),"11,000원"
유어스)김치우동243G,"2,900원"
유어스)계란국(컵국),"1,200원"
유어스)미역국(컵국),"1,200원"
유어스)미용티슈200매*3입,"4,500원"
유어스)친환경다회용수저10입,"1,500원"
유어스)천연펄프롤티슈30M*30R,"16,500원"
유어스(P)모이스처롤티슈27M*30,"19,700원"
라벨리)세부망고빙수280ML,"3,000원"
유어스(P)팝핑캔디바(민트)70ML,"1,500원"
유어스(P)모이스처롤티슈2롤,"2,800원"
CAFE25)블랙500ML,"2,500원"
CAFE25)헤이즐넛500ML,"2,500원"
유어스(P)오모리두부김치찌개,"5,900원"
유어스)페리오올바른치약150G,"3,900원"
유어스)카파남성심리스드로즈M,"11,900원"
유어스)NEW매일견과25,"1,200원"
Y)공화춘아주매운짬뽕(대컵),"1,700원"
유어스)매운간장찜닭560G,"8,500원"
유어스(P)모찌롤(Kiri크림치즈),"3,500원"
유어스(P)정통프랑크소시지100G,"1,900원"
유어스(P)2가지치즈소시지100G,"1,900원"
유어스)여행용티슈(70매),"1,100원"
유어스)지리산맑은샘물2L,"1,200원"
유어스)지리산맑은샘물500ML,600원
유어스)투명OPP테이프(핸디컷),"2,300원"
유어스)매운돼지갈비찜500G,"8,500원"
유어스)볶음짬뽕면360G,"3,700원"
유어스)유니짜장면360G,"3,700원"
유어스)남성쿠션정장양말,"4,500원"
유어스)동물농장펠트프리스비,"4,900원"
유어스)동물농장애견사료(연어),"4,800원"
유어스)동물농장애견사료(닭고기,"4,400원"
유어스)MLB비닐장우산(화이트)55,"5,000원"
유어스)싱그런청포도340ML,"1,200원"
유어스)컴퓨터용연필(2B),"1,000원"
"유어스)유성볼펜(흑,0.7)","1,100원"
유어스)탄력밴드혼합형10매,"2,000원"
유어스(P)버터커피250ML,"2,500원"
유어스)모찌롤(초코),"3,200원"
유어스)고체풀(15G),800원
유어스)지우개(2본입),900원
유어스)키스해링비닐우산(투명),"5,000원"
유어스)한입가득슈(플레인),"2,500원"
"유어스)중성펜(흑,0.5MM)","1,300원"
"유어스)탑볼펜(흑,0.5)","1,300원"
유어스)컴퓨터용싸인펜(2입),"1,100원"
유어스)컴퓨터용싸인펜,400원
유어스)4색볼펜(0.7),"1,000원"
유어스)칼라멀티볼펜(3+3),"1,400원"
유어스)휴대용손잡이위생백20매,"1,500원"
유어스)여성매직삭스(향수),"3,500원"
유어스)여성매직삭스(립스틱),"3,500원"
유어스)남성매직삭스(자동차),"3,500원"
유어스)여성매직삭스(여시계),"3,500원"
유어스)남성매직삭스(남시계),"3,500원"
유어스)남성매직삭스(후드티),"3,500원"
유어스)콘스낵,"1,200원"
유어스)핑크죠스바85ML,"1,200원"
유어스)웅진팥차500ML,"1,600원"
유어스)샤프심(0.5),600원
유어스)펜텔샤프(0.5),"2,200원"
유어스)제도샤프(0.5),"1,100원"
유어스)네임펜(흑),"1,000원"
유어스)유성매직(흑),"1,000원"
유어스)C타입USB케이블,"7,000원"
유어스)비비안팬츠삭스살구,"2,200원"
유어스)비비안두겹풋커버,"4,800원"
유어스(P)남성반팔티셔츠회(105),"10,900원"
유어스(P)반팔티셔츠회색(95),"10,900원"
유어스)비비안팬츠삭스검정,"2,200원"
유어스)버터갈릭팝콘,"1,200원"
유어스)두툼폭신실키화장솜60매,"2,400원"
유어스)보양죽285G,"2,900원"
맵칼어묵떡볶이220G,"3,200원"
유어스)8핀USB케이블,"11,900원"
유어스)C타입5핀겸용USB케이블,"8,000원"
유어스)5핀USB케이블,"6,000원"
유어스)싱그런제주감귤340ML,"1,200원"
유어스)싱그런사과340ML,"1,200원"
유어스)미니프레첼(매콤비프맛),"1,000원"
유어스)싱그런복숭아340ML,"1,200원"
유어스)이어폰SW-75,"9,900원"
유어스)아이스컵(185G),600원
유어스)아이스더큰컵(240G),800원
유어스)캐릭터종이쇼핑백(L),"1,500원"
유어스)캐릭터종이쇼핑백(M),"1,200원"
유어스(P)오모리김치돼지찜450G,"6,900원"
유어스)뭉개뭉계란콘감자샐러드,"3,000원"
유어스)화장면봉50입(사각통),"1,200원"
유어스)메디폼뷰티(15매),"3,900원"
메디폼밴드(3매),"3,900원"
유어스)메디폼드레싱(1매),"3,900원"
유어스)앞머리헤어롤,"1,100원"
유어스)카페라떼,900원
Y)화이트초코렛카푸치노[D2],900원
Y)시나몬향카푸치노,900원
Y)프렌치바닐라카푸치노[D2],900원
Y)헤이즐넛향원두티백[D2],900원
갓생)오감자찍먹매운치즈,"1,500원"
유어스)고급족집게,"3,500원"
유어스)네일케어세트,"10,000원"
유어스)고급미용가위,"4,500원"
유어스)네일리무버(무색소),"1,700원"
유어스)고급발톱깎이,"4,800원"
유어스)고급손톱깎이,"3,800원"
유어스)고급코털가위,"4,500원"
Y)한라봉유자차원컵,"1,200원"
Y)홍삼꿀차원컵,"1,200원"
Y)생강꿀차원컵,"1,200원"
유어스)포니테일판걸이,"1,600원"
Y)핫초코원컵,"1,300원"
Y)블루마운틴커피백원컵,"1,300원"
Y)모카카푸치노원컵,"1,300원"
Y)카라멜향마끼아또원컵,"1,300원"
Y)꿀유자차원컵,"1,300원"
유어스(P)지리산하동녹차500ML,"2,000원"
유어스)똑딱핀R,"2,000원"
유어스)고급실핀,"2,600원"
유어스)무팁머리끈(소),"1,700원"
유어스)드라이빗,"1,800원"
유어스)휴대용꼬리빗,"2,400원"
유어스)무팁머리끈(대),"2,000원"
유어스)옷핀세트,"1,900원"
유어스)데일리속눈썹,"2,600원"
유어스)바디면도기,"3,900원"
유어스)바느질세트,"2,700원"
유어스)스프링밴드,"1,500원"
유어스)눈썹면도기,"3,500원"
유어스)듀얼귀이개,"2,100원"
유어스)조각퍼프세트(8입),"1,600원"
유어스)보쌈수육320G,"8,500원"
유어스)제트스트림(흑/0.5MM),"2,200원"
유어스)메디안커플치약칫솔세트,"4,900원"
유어스)모찌롤(플레인),"3,000원"
유어스)뭉개뭉계란고구마샐러드,"3,000원"
유어스(P)USB멀티탭3구1.8M(3A),"21,500원"
유어스(P)남성반팔티셔츠(105),"10,900원"
유어스(P)남성반팔티셔츠(100),"10,900원"
유어스(P)남성반팔티셔츠(95),"10,900원"
유어스(P)남성모달드로즈(100),"10,900원"
유어스(P)남성모달드로즈(95),"10,900원"
유어스(P)남성모달드로즈(105),"10,900원"
유어스(P)여성심리스팬티1+1(90),"10,900원"
유어스(P)여성심리스팬티1+1(95),"10,900원"
유어스)하늘가득유자레몬330ML,"1,900원"
유어스)매콤한닭볶음탕550G,"6,900원"
유어스)고급용돈봉투,"2,200원"
라벨리)팥빙수280ML,"3,000원"
유어스)판타롱스타킹(검정),"1,600원"
유어스)비비안팬티스타킹(살구)L,"3,500원"
유어스)비비안팬티스타킹(검정)L,"3,500원"
유어스(P)크런키녹차2500,"2,500원"
유어스)오징어는땅콩을(소)17G,"1,900원"
유어스)오징어는땅콩을(대)51G,"5,300원"
유어스)잘풀리는집3겹(27M*15롤),"8,900원"
유어스)오모리부대찌개라면(대컵,"2,000원"
유어스)오모리참치찌개라면(대컵,"1,900원"
유어스)잠발라야스모크닭다리170,"4,900원"
유어스(P)스니커즈패션양말1+1,"5,900원"
유어스(P)쟈갸드패션양말1+1,"6,900원"
유어스(P)패션양말1+1,"5,900원"
유어스)맥주종이컵(5입),"1,000원"
유어스)투명소주컵(10입),"1,800원"
유어스)방비청소세트,"6,900원"
유어스)썬키스트제주감귤1L,"2,300원"
유어스)썬키스트알로에1L,"2,900원"
유어스)썬키스트포도1L,"3,100원"
유어스)썬키스트오렌지1L,"3,100원"
유어스)퍼퓸비누100G(그린애플),"1,500원"
유어스)집기형원컵진열대(4구),2원
유어스)집기형원컵진열대(12구),2원
유어스(P)프리미엄물티슈70매캡,"3,400원"
유어스)베이직물티슈20매,"1,000원"
유어스)베이직물티슈80매(캡형),"2,900원"
유어스)영화관팝콘,"1,200원"
유어스)페이스6일회용면도기3입,"6,900원"
Y)페이스4일회용면도기3입,"4,700원"
유어스)면코팅고무장갑(중),"2,500원"
유어스)고무장갑(소),"2,500원"
유어스)고무장갑(중),"2,700원"
유어스)고무장갑(대),"3,000원"
유어스)삼립누네띠네65G,"1,200원"
유어스)925흰우유(925ML),"2,300원"
유어스)925저지방우유(925ML),"2,350원"
유어스)전동코털깎기,"8,000원"
유어스)비닐장우산(블랙)60CM,"6,000원"
Y)뉴공화춘자장(봉지),"1,400원"
유어스)순간접착제(브러쉬)7G,"3,000원"
유어스)컷터날(대)1500,"1,500원"
유어스)컷터날(소)500,500원
유어스)줄표백장갑1입,850원
유어스)이중코팅장갑1입,"1,500원"
유어스)단면이쑤시개,"1,500원"
유어스)컷터칼(소)600,600원
유어스)가위2000,"2,000원"
유어스)좌철노트(대),"4,000원"
유어스)좌철노트(중),"2,500원"
유어스)제본노트,"2,000원"
유어스(P)자일리톨통껌5000,"5,000원"
유어스)청면테이프(50*10),"2,100원"
유어스)투명OPP테이프(45*40),"2,000원"
유어스)갈색OPP테이프(45*40),"2,000원"
유어스)플라워샤워볼,"2,000원"
유어스)반코팅장갑1입,800원
유어스)A4이력서1000,"1,000원"
유어스)B5이력서600,600원
유어스)다목적장갑(1입),"3,000원"
유어스)친환경도시락(5입),"1,800원"
유어스)친환경공기150(10입),"1,700원"
유어스)친환경접시200(10입),"1,800원"
유어스)친환경접시230(10입),"1,900원"
유어스)프리미엄잡화꿀300G[D2],"6,900원"
유어스)(P)아카시아꿀300G[D2],"7,900원"
유어스)광수세미2입,"2,000원"
유어스)크린종이호일(25CM*20M),"6,200원"
유어스)고급우의,"4,500원"
유어스)일회용우의,"2,000원"
유어스)종이컵10입,600원
유어스)면장갑1입,800원
유어스)예식장갑1입,"1,000원"
유어스)스모크닭다리170G,"4,900원"
유어스)판타롱스타킹(커피),"1,600원"
유어스)판타롱스타킹(살구),"1,600원"
유어스)밴드스타킹(검정),"2,200원"
유어스)밴드스타킹(살구),"2,200원"
유어스)팬티스타킹(검정),"2,800원"
유어스)팬티스타킹(커피),"2,800원"
유어스)팬티스타킹(살구),"2,800원"
유어스)수정테이프,"2,200원"
"유어스)복사지A4(100매,80G)","3,000원"
유어스)하드커버노트,"3,000원"
유어스)네일리무버세트(사과향),"2,700원"
유어스)밴드랜드1회용혼합형,"1,500원"
유어스)밴드랜드1회용일반형,800원
유어스)접지멀티탭3구5M,"19,400원"
유어스)T자형멀티탭,"6,300원"
유어스)일자형멀티탭,"5,500원"
유어스)삼선슬리퍼핑크230MM,"5,000원"
유어스)삼선슬리퍼핑크240MM,"5,000원"
유어스)삼선슬리퍼핑크250MM,"5,000원"
유어스)삼선슬리퍼핑크260MM,"5,000원"
유어스)삼선슬리퍼검정230MM,"4,500원"
유어스)삼선슬리퍼검정240MM,"4,500원"
유어스)삼선슬리퍼검정250MM,"4,500원"
유어스)삼선슬리퍼검정260MM,"4,500원"
유어스)삼선슬리퍼검정270MM,"4,500원"
유어스)삼선슬리퍼검정280MM,"4,500원"
유어스)스텐수세미,"1,200원"
유어스)세면타올,"4,900원"
유어스)비비안누드토우(커피),"4,000원"
유어스)페이스식스일회용면도기,"2,500원"
Y)페이스4일회용면도기1입,"1,900원"
유어스)압박스타킹(검정),"4,900원"
유어스)압박스타킹(커피),"4,900원"
유어스)압박스타킹(살구),"4,900원"
유어스)미용샤워타올,"2,000원"
유어스)전기절연테이프,"1,200원"
유어스)항균양면셀룰로즈수세미,"2,000원"
유어스)스트로우꺽임형(50입),"1,300원"
유어스)이태리타올,800원
유어스)크린랩22*50,"3,800원"
유어스)크린롤백대30*40(200매),"4,200원"
유어스)크린팩대35*45(100매),"2,500원"
유어스)지퍼백(소),"2,500원"
유어스)지퍼백(대),"3,200원"
유어스)종이소주컵(10입),400원
유어스)나무젓가락10입,800원
유어스)나무젓가락50입,"3,200원"
유어스)다회용투명컵10P,"2,800원"
유어스)위생면행주1입,"1,800원"
유어스)일반형치실50M,"2,700원"
유어스)순간접착제(액상)5G,"2,000원"
유어스)크린위생백(100매),"2,000원"
유어스)어드밴스그랜드치약220G,"4,500원"
유어스(P)2080하이브리드칫솔,"3,500원"
유어스)개별접지멀티탭4구3M,"21,800원"
유어스)개별접지멀티탭3구3M,"21,600원"
유어스)비비안앵클삭스2입(살구),"4,500원"
유어스)비비안압박스타킹(검정),"4,900원"
유어스)비비안압박스타킹(커피),"4,900원"
유어스)비비안압박스타킹(살구),"4,900원"
유어스)비비안팬티스타킹(검정),"3,500원"
유어스)비비안팬티스타킹(커피),"3,500원"
유어스)비비안팬티스타킹(살구),"3,500원"
유어스)위생장갑,"2,000원"
유어스)하드커버노트,"3,800원"
유어스)공업용칼,"2,700원"
유어스)PE폼양면테이프,"3,300원"
유어스)아이스(봉지)165G,500원
유어스)은박매트(야외용돗자리),"6,000원"
Y)신선한스누피딸기우유250ML,"1,000원"
Y)신선한스누피커피우유250ML,"1,000원"
Y)신선한스누피초코우유250ML,"1,000원"
유어스)오늘의과일야채포도190ML,"1,200원"
유어스)오늘의과일야채사과190ML,"1,200원"
Y)야쿠르트그랜드라이트280ML,"1,400원"
Y)오모리김치찌개라면(봉지),"1,300원"
유어스)하늘가득자몽330ML,"1,900원"
유어스)하늘가득사과330ML,"1,900원"
유어스)야쿠르트그랜드280ML,"1,400원"
Y)오모리김치찌개라면(대컵),"1,600원"
Y)더진한스누피딸기우유500ML,"1,600원"
Y)더진한스누피초코우유500ML,"1,600원"
Y)더진한스누피바나나우유500ML,"1,600원"
Y)더진한스누피커피우유500ML,"1,600원"
유어스)식객재래김3.5G,700원
유어스)토마토주스1.5L,"3,000원"
유어스)부의이중봉투600,600원
유어스)칠리콘스낵,"1,000원"
유어스)식객재래김11G,"1,500원"
유어스)마늘바게트,"1,200원"
유어스)초코렛타,"1,200원"
Y)공화춘삼선짬뽕(봉지),"1,300원"
Y)틈새라면(소컵),"1,000원"
Y)틈새라면(봉지),"1,050원"
유어스(P)밀크아몬드초코볼1600,"1,600원"
유어스)A4무지봉투600,600원
유어스)미니스여행용세트,"7,900원"
유어스)보솜이물티슈10매,"1,100원"
유어스)보솜이물티슈20매,"2,000원"
유어스)규격봉투600,600원
유어스)이중봉투600,600원
유어스)페퍼민트물티슈60매,"4,900원"
유어스)보솜이물티슈60매(캡형),"5,700원"
유어스)양반전복죽285G,"4,500원"
