Y)스윙칩X다운타우너감자칩,"1,500원"
Y)코리안좀비에너지드링크(로우),"2,000원"
유어스)릴리유물티슈30매,"2,800원"
카카오넛츠아몬드25G,"1,800원"
카카오넛츠호두25G,"1,800원"
씨믹스)크런치구미멀티컬러베리,"1,800원"
씨믹스)크런치구미핑크베리1800,"1,800원"
대상)맑은닭곰탕450G,"5,200원"
대상)얼큰닭개장450G,"5,200원"
꿀에빠진도라지말랭이15G,"2,500원"
SM)추억의달구나1500,"1,500원"
오뚜기)양송이스프라면(대컵),"2,000원"
오뚜기)옥수수스프라면(대컵),"2,000원"
훼밀리)아폴로700,700원
훼밀리)멜로팝레인보우1800,"1,800원"
고품격)매콤갈매기살300G(냉동),"9,900원"
고품격)안창살구이300G(냉동),"9,900원"
고품격)언양식소불고기300G(냉동,"9,900원"
고품격)토시살구이300G(냉동),"9,900원"
고품격)허브항정살300G(냉동),"9,900원"
농심)웰치스오렌지제로탄산355ML,"1,200원"
농심)웰치스포도제로탄산355ML,"1,200원"
농심)웰치스포도탄산355ML,"1,200원"
삼립)티트라레몬그린티500ML,"2,000원"
삼립)티트라피치아쌈티500ML,"2,000원"
농심)금돼지식당돼지김치찌개면,"4,500원"
립톤)복숭아아이스티500ML,"1,700원"
갓생)허니버터아몬드두유200ML,"1,600원"
종근당)올앳미V스파클링350ML,"2,000원"
매일)바리스타그란데(라떼)475ML,"2,500원"
매일)바리스타그란데(스위트)475,"2,500원"
매일)바리스타그란데(아메)475ML,"2,500원"
아침)꿀감자(120G/진공포장),"2,200원"
아침)꿀고구마(130G/진공포장),"2,200원"
아침)꿀단호박(100G/진공포장),"2,200원"
그대로쫀득고구마(100G),"4,200원"
납딱한오다리25G,"3,800원"
대구노가리30G,"3,800원"
도톰한오징어25G,"3,800원"
CJ)스파이시로제스파게티262G,"3,900원"
롯데)에센뽀득프랑크70G(2입),"3,600원"
서울)아침에주스ABC210ML,"1,400원"
서울)아침에주스오렌지210ML,"1,400원"
롯데)이지프로틴시리얼250ML,"2,800원"
롯데)이지프로틴저당초코250ML,"2,800원"
남양)로스터리실키라떼200ML,"1,200원"
남양)로스터리아메리카노200ML,"1,200원"
매일)카페라떼마일드220ML,"1,800원"
매일)카페라떼아이스크림라떼220,"1,800원"
GS)이모티콘젤리(사워)1800,"1,800원"
GS)이모티콘젤리(후르츠)1800,"1,800원"
크라운)쿠크다스비엔나커피3000,"3,000원"
크라운)뽀또레몬92G,"1,500원"
크라운)뽀또치즈1500,"1,500원"
크라운)뽀로로야채귀리65G,"1,500원"
크라운)츄러스애플시나몬84G,"1,500원"
크라운)카라멜콘메이플1500,"1,500원"
로투스)벨기에와플,"1,500원"
로투스)벨기에초코와플,"1,500원"
CJ)비비고수제만두고기200G,"4,000원"
CJ)비비고수제만두김치200G,"4,000원"
CJ)비비고찐만두168G,"4,000원"
CJ)비비고찐만두청양고추168G,"4,000원"
CJ)육즙불고기찐만두168G,"4,000원"
CJ)닭가슴살스테이크100G,"3,300원"
CJ)닭가슴살직화화다닭75G,"3,300원"
갓생기획)닭가슴살큐브톡톡96G,"2,900원"
빙그레)프로틴스트링치즈20G,"1,400원"
촉촉한꿀고구마(65G/봉),"3,000원"
카카오꿀고구마(65G/봉),"3,000원"
해태)구운간짜장60G,"1,500원"
해태)오사쯔X리틀넥60G,"1,500원"
해태)허니버터칩프로마쥬블랑60G,"1,500원"
바른생각)콘돔3P무꼭지형,"5,200원"
바른생각)콘돔일반형,"3,900원"
바른생각)익스트림에어핏(3입),"5,500원"
세이프크린)KF94방역마스크(5입),"12,000원"
하림)장인라면담백한맛(봉지),"2,200원"
하림)장인라면얼큰한맛(봉지),"2,200원"
CJ)비비고소고기미역국300G,"4,500원"
CJ)비비고한우사골곰탕500G,"3,200원"
CJ)비비고돼지고기김치찌개460G,"7,200원"
CJ)비비고스팸부대찌개460G,"7,200원"
CJ)비비고차돌된장찌개460G,"7,200원"
CJ)비비고소고기미역국500G,"5,400원"
CJ)비비고육개장500G,"5,400원"
CJ)비비고콩나물황태국500G,"5,400원"
CJ)BIG간장삼겹덮밥(컵밥),"5,400원"
CJ)BIG김치날치알밥(컵밥),"5,400원"
CJ)BIG김치삼겹덮밥(컵밥),"5,400원"
CJ)BIG스팸김치덮밥(컵밥),"5,400원"
CJ)BIG스팸마요덮밥(컵밥),"5,400원"
CJ)BIG치즈닭갈비덮밥(컵밥),"5,400원"
CJ)BIG치킨마요덮밥(컵밥),"5,400원"
CJ)햇반미역국밥(컵밥),"4,200원"
CJ)햇반사골곰탕국밥(컵밥),"4,200원"
CJ)햇반육개장국밥(컵밥),"4,200원"
CJ)햇반황태국밥(컵밥),"4,200원"
CJ)공화춘자장덮밥(컵밥),"4,800원"
CJ)공화춘짬뽕국밥(컵밥),"4,800원"
CJ)스팸김치덮밥(컵밥),"4,800원"
CJ)스팸콘치즈덮밥(컵밥),"4,800원"
CJ)햇반강된장보리비빔밥(컵밥),"4,800원"
CJ)햇반김치날치알밥(컵밥),"4,800원"
CJ)햇반버터장조림비빔밥,"4,800원"
CJ)햇반불고기덮밥(컵밥),"4,800원"
CJ)햇반스팸마요덮밥(컵밥),"4,800원"
CJ)햇반제육덮밥(컵밥),"4,800원"
CJ)햇반참치마요덮밥(컵밥),"4,800원"
CJ)햇반치킨마요덮밥(컵밥),"4,800원"
CJ)햇반(발아현미밥)210G,"2,800원"
CJ)햇반(오곡밥)210G,"2,800원"
CJ)햇반(찰잡곡밥)210G,"2,800원"
CJ)햇반(현미쌀밥)210G,"2,800원"
CJ)햇반(흑미밥)210G,"2,800원"
CJ)햇반매일잡곡밥210G,"2,800원"
CJ)햇반(매일찰잡곡밥)210G(3입),"7,200원"
CJ)햇반(발아현미밥)210G(3입),"7,200원"
CJ)햇반(흑미밥)210G(3입),"7,200원"
CJ)햇반반공기130G,"1,700원"
CJ)큰햇반300G,"2,900원"
CJ)햇반(원형)210G,"2,100원"
CJ)햇반(구수한쌀밥)210G,"2,600원"
동원)양반전통김17G,"1,800원"
동원)양반전복큰죽404G,"5,200원"
동원)수라전복내장죽287G,"5,200원"
동원)수라한우쇠고기죽287G,"5,200원"
동원)양반단호박죽285G,"4,500원"
동원)양반밤단팥죽285G,"4,500원"
동원)양반야채죽285G,"4,500원"
동원)양반영양닭죽285G,"4,500원"
동원)양반참치죽285G,"4,500원"
동원)양반쇠고기죽285G,"4,500원"
유어스)양반전복죽285G,"4,500원"
롯데)핫식스더킹러쉬355ML,"2,200원"
롯데)핫식스더킹파워355ML,"2,200원"
롯데)핫식스더킹펀치355ML,"2,200원"
롯데)핫식스더킹포스355ML,"2,200원"
롯데)핫식스250ML,"1,500원"
롯데)트레비라임500ML,"1,800원"
롯데)트레비레몬500ML,"1,800원"
롯데)트레비자몽500ML,"1,800원"
롯데)아이시스8.0(2.0L),"1,700원"
롯데)아이시스8.0(500ML),950원
롯데)아이시스에코2L-PLU판매,"1,600원"
칸타타)콘트라베이스라떼PET500,"2,500원"
칸타타)콘트라베이스블랙PET500,"2,500원"
칸타타)콘트라베이스스윗PET500,"2,500원"
칸타타)땅콩크림라떼275ML,"2,200원"
칸타타)아메리카노275ML(NB캔),"2,200원"
칸타타)콜드브루블랙275ML(NB캔),"2,200원"
칸타타)프리미엄라떼275ML(NB캔),"2,200원"
롯데)펩시제로500ML,"2,000원"
롯데)펩시콜라제로캔355ML,"1,700원"
롯데)펩시콜라캔355ML,"1,700원"
롯데)칠성사이다제로캔355ML,"1,900원"
롯데)칠성사이다캔355ML,"1,900원"
롯데)칠성사이다포도캔355ML,"1,900원"
롯데)아이시스에코500ML-PLU판매,900원
자노탁트)카카오캔디민트3000[D2,"3,000원"
자노탁트)카카오캔디복숭아3000,"3,000원"
로아카)밀크웨하스1500,"1,500원"
로아카)바닐라웨하스1500,"1,500원"
로아카)카카오웨하스1500,"1,500원"
세아)구운아귀꼬리포2입,"5,900원"
CJ)닭가슴살소시지(청양)80G,"2,300원"
CJ)닭가슴살소시지80G,"2,300원"
CJ)닭가슴살한입큐브80G,"2,300원"
CJ)맥스봉갈릭후랑크80G,"2,300원"
CJ)맥스봉숯불구이맛핫바90G,"2,300원"
CJ)맥스봉청양고추후랑크80G,"2,300원"
CJ)직화구이꼬치바(청양)90G,"2,300원"
CJ)직화구이꼬치바90G,"2,300원"
CJ)맥스봉치즈70G,"2,200원"
CJ)맥스봉소시지150G,"3,000원"
네슬레)킷캣청키1200,"1,200원"
네슬레)킷캣청키프룻비스킷1200,"1,200원"
네스카페)부드러운모카20입,"3,900원"
네스카페)수프리모골드20입,"4,900원"
코주부)포켓미니살라미40G,"2,000원"
코주부)의성마늘육포40G,"4,200원"
코주부)강원도옥수수육포40G[D2],"5,600원"
코주부)블랙트러플오일육포40G,"4,500원"
진주)천하장사육포갈릭45G,"4,800원"
신화)오징어소면18G,"2,500원"
신화)대왕오징어다리50G,"5,900원"
선우)톡톡볼젤리복숭아1000,"1,000원"
선우)톡톡볼젤리사과1000,"1,000원"
선우)톡톡딸기젤리1000,"1,000원"
선우)톡톡망고젤리1000,"1,000원"
바프)구운양파아몬드30G,"2,200원"
바프)군옥수수맛아몬드40G,"2,200원"
바프)김맛아몬드40G,"2,200원"
바프)마늘빵아몬드40G,"2,200원"
바프)와사비맛아몬드40G,"2,200원"
바프)인절미아몬드40G,"2,200원"
바프)청양마요아몬드40G,"2,200원"
바프)카라멜솔티드아몬드40G,"2,200원"
바프)허니버터아몬드40G,"2,200원"
바프)흑임자아몬드40G,"2,200원"
대상)츄앤리얼고구마츄60G,"3,500원"
정화)후라이드어포30G,"2,000원"
정화)석쇠구이오징어볶음땅콩60G,"6,500원"
정화)허니버터오징어30G,"3,000원"
정화)실속왕다리오징어23G,"2,400원"
하림)닭가슴살리얼바(갈릭)80G,"2,000원"
하림)닭가슴살리얼바(치즈)80G,"2,000원"
하림)닭가슴살리얼바블랙페퍼80G,"2,000원"
하림)닭가슴살리얼바오리지널80G,"2,000원"
하림)닭가슴살리얼바할라피뇨80G,"2,000원"
마즈)이클립스스트로베리2500,"2,500원"
마즈)이클립스스피어민트2500,"2,500원"
마즈)이클립스페퍼민트2500,"2,500원"
마즈)이클립스피치2500,"2,500원"
마즈)이클립스소프트레몬1500,"1,500원"
마즈)이클립스소프트청포도1500,"1,500원"
마즈)스키틀즈사우워1200,"1,200원"
마즈)스키틀즈오리지널1200,"1,200원"
마즈)스키틀즈요거트1200,"1,200원"
마즈)몰티져스밀크3500,"3,500원"
마즈)몰티져스다크1500,"1,500원"
마즈)몰티져스밀크1500,"1,500원"
마즈)트윅스탑싱글700,700원
마즈)스니커즈미니500,500원
마즈)스니커즈크리스퍼1200,"1,200원"
마즈)스니커즈피넛싱글1200,"1,200원"
마즈)트윅스1200,"1,200원"
마즈)엠앤엠즈블록밀크1500,"1,500원"
마즈)엠앤엠즈블록크리스피1500,"1,500원"
마즈)M&MS밀크초콜릿1200,"1,200원"
마즈)M&MS피넛초콜릿1200,"1,200원"
CJ)스팸340G,"7,800원"
CJ)스팸200G,"5,800원"
CJ)스팸25%라이트200G,"5,800원"
CJ)스팸120G,"3,800원"
CJ)맛밤80G,"3,500원"
라벨리)레드멜론빙수280ML,"3,000원"
라벨리)수박화채빙수280ML,"3,000원"
라벨리)인절미빙수280ML,"3,000원"
라벨리)팥빙수280ML,"3,000원"
라베스트)갤러초코콘160ML,"2,500원"
라베스트)그릭요거콘160ML,"2,500원"
라베스트)리치치즈케이크콘,"2,500원"
라베스트)민트초코콘,"2,500원"
라벨리)인절미미니컵140ML,"2,500원"
라벨리)초떡초떡140ML,"2,500원"
롯데푸드)라베스트커피플로트콘,"2,500원"
본젤라또비스킷바닐라카라멜,"2,500원"
제주에어)제주녹차초코소프트콘,"2,500원"
허쉬)스쿱바닐라아이스크림120ML,"2,500원"
허쉬)초코앤쿠키콘,"2,500원"
롯데푸드)라베스트커피플로트바,"2,200원"
미성)바세츠클레식바닐라바90ML,"2,200원"
빙)끌레도르쿠키앤크림바90ML,"2,200원"
빙그레)끌레도르쿠키앤초코90ML,"2,200원"
빙그레)끌레도르피스타치오바,"2,200원"
허쉬)녹차초코바90ML,"2,200원"
허쉬)초코바,"2,200원"
허쉬)초코크런치레몬바90ML,"2,200원"
허쉬)쿠키앤크림바,"2,200원"
허쉬)토피넛초코바,"2,200원"
미성)허쉬미스터굿바1500,"1,500원"
미성)허쉬후퍼스1500,"1,500원"
롯데)허쉬오버로드1500,"1,500원"
롯데)허쉬초코튜브헤이즐넛800,800원
허쉬)밀크초콜릿40G,"1,600원"
허쉬)아몬드초콜릿40G,"1,600원"
허쉬)쿠키앤민트초콜릿39G,"1,600원"
허쉬)쿠키앤초코초콜릿40G,"1,600원"
허쉬)쿠키앤크림초콜릿40G,"1,600원"
롯데)ABC초코2500,"2,500원"
롯데)드림카카오56%,"3,000원"
롯데)가나초콜릿마일드1000,"1,000원"
롯데)크런키초콜릿1000,"1,000원"
롯데)가나초코바땅콩1000,"1,000원"
롯데)가나초코바아몬드1000,"1,000원"
롯데)목캔디1000,"1,000원"
롯데)목캔디믹스베리1000,"1,000원"
롯데)말랑카우밀크2500,"2,500원"
롯데)스카치세가지2500,"2,500원"
롯데)애니타임2500,"2,500원"
롯데)청포도캔디2500,"2,500원"
롯데)수박바아이스톡톡젤리2500,"2,500원"
롯데)메론먹은죠스바젤리1200,"1,200원"
롯데)포도먹은구미1200,"1,200원"
롯데)왓따딸기500,500원
롯데)왓따복숭아500,500원
롯데)왓따청포도500,500원
롯데)왓따콜라500,500원
롯데)왓따판박이500,500원
일신)구미초코볼딸기1800,"1,800원"
일신)구미초코볼포도1800,"1,800원"
일신)군고구마초코볼1800,"1,800원"
일신)쥬시드랍블라스트1500,"1,500원"
더스윗)접어먹는캔디(망고),"2,000원"
더스윗)접어먹는캔디(블루베리),"2,000원"
크라운)키커바1000,"1,000원"
크라운)키커바시리얼1000,"1,000원"
크라운)마이쮸복숭아1500,"1,500원"
크라운)마이쮸사과1500,"1,500원"
크라운)비단박하캔디2000,"2,000원"
크라운)새콤달콤(딸기)500,500원
크라운)새콤달콤(레모네이드)500,500원
크라운)새콤달콤(복숭아)500,500원
크라운)새콤달콤블루베리소다500,500원
크라운)새콤달콤파인애플500,500원
던킨)커피에너지바30G,"1,200원"
던킨)프로틴에너지바30G,"1,200원"
미성)허쉬다크&화이트칩1500,"1,500원"
미성)허쉬초코마시멜로타르트38G,"1,500원"
허쉬)초콜릿칩쿠키1500,"1,500원"
미성)액트투팝콘78G,"1,500원"
남양)프렌치카페카페믹스20T,"4,900원"
사조)살코기참치150G,"3,900원"
사조)살코기참치100G,"2,900원"
사조)365육포30G(구운),"3,800원"
사조)365육포30G(숯불바베큐),"3,800원"
사조)365육포30G(오리지널),"3,800원"
유동)얼큰한번데기탕280G,"3,300원"
유동)골뱅이230G,"8,900원"
이디야)스페셜골드블렌드20입,"4,800원"
이디야)스페셜모카블렌드20입,"4,800원"
맥심)모카골드원컵,"1,000원"
맥심)슈프림골드믹스20입,"4,900원"
롯데)와,"2,000원"
롯데)와포도190ML,"2,000원"
만전)김밥김(10매),"2,600원"
유어스)탱크보이소다120ML,"1,500원"
해태)탱크보이120ML,"1,500원"
해태)폴라포포도120ML,"1,500원"
롯데)왕수박바,"1,200원"
유어스)반반수박바75ML,"1,200원"
아이배냇)핑거요거트(딸기),"4,500원"
아이배냇)핑거요거트(플레인),"4,500원"
햇반)흑미밥라이스크림140ML,"2,900원"
햇반)흰쌀밥라이스크림140ML,"2,900원"
페리오휴대용치약칫솔세트,"3,500원"
페리오)덴탈쿨링마우스스프레이,"3,500원"
샘표)게살푸팟퐁커리170G,"4,750원"
샘표)스파이시마살라커리170G,"4,750원"
샘표)옐로마살라커리170G,"4,750원"
샘표)치킨마크니커리170G,"4,750원"
순작)산딸기차티백20T,"7,500원"
순작)청귤차티백20T,"7,500원"
샘표)우리엄마명태채볶음50G[D2],"4,000원"
샘표)우리엄마깻잎(매콤한맛),"3,300원"
샘표)질러직화풍비비큐30G,"3,500원"
샘표)질러직화육포45G,"5,800원"
한성)일품도톰육포45G,"5,000원"
한성)일품쇠고기견과포35G,"5,000원"
대상)레드페퍼매콤고추30G,"3,500원"
대상)치즈촘촘툼바치즈30G,"3,500원"
청우)초코파이찰떡107G,"1,500원"
씨믹스)딸기머쉬멜로우1800,"1,800원"
씨믹스)바나나초코머쉬멜로우,"1,800원"
씨믹스)복숭아젤리필링머쉬멜로,"1,800원"
씨믹스)사과필링머쉬멜로우,"1,800원"
씨믹스)계란후라이젤리2000,"2,000원"
씨믹스)핑크퐁상어가족젤리2000,"2,000원"
유어스)대구식양념불막창180G,"7,500원"
태경)불삼겹&소시지볶음200G,"7,500원"
태경)숯불돼지바비큐200G,"7,500원"
대상)도가니탕450G,"6,400원"
대상)소머리곰탕450G,"6,400원"
씨알로)오초땅바30G,"1,200원"
매일)셀렉스프로틴너츠바50G,"1,600원"
브레디크)딸기붓세,"1,500원"
브레디크)무화과호두휘낭시에,"1,300원"
브레디크)버터스콘,"1,500원"
브레디크)브라우니와플,"1,600원"
브레디크)이즈니버터휘낭시에,"1,300원"
브레디크)치즈맛붓세,"1,500원"
홈위드)수제초코쿠키,"1,500원"
홈위드)수제화이트쿠키,"1,500원"
삼립)잼있는딸기쿠키,"1,000원"
삼립)잼있는사과쿠키,"1,000원"
삼립)초코블랑,"1,200원"
삼립)방앗간찹쌀떡,"1,500원"
롯데)미니딸기샌드(5입),"2,000원"
롯데)미니땅콩샌드(5입),"2,000원"
롯데)미니연유샌드(5입),"2,000원"
딥초코)빨미까레(1입),"3,000원"
브레디크)딸기우유크림빵,"2,500원"
브레디크)에그마요포켓샌드,"2,200원"
브레디크)옥수수초코떡(2입),"2,500원"
브레디크)우유크림빵,"2,500원"
브레디크)초코녹차떡(2입),"2,500원"
브레디크)티라미수떡(2입),"2,500원"
브레디크)허니밀크떡(2입),"2,500원"
퓨어플러스)레모나핑크120ML,"1,200원"
강철부대2)아이온블루워터500ML,"1,900원"
강철부대2)아이온워터500ML,"1,900원"
티블링)레몬그라스진저500ML,"2,500원"
티블링)캐모마일피치500ML,"2,500원"
매일)셀렉스프로틴드링크330ML,"2,900원"
매일)셀렉스프로틴복숭아330ML,"2,900원"
팜트리)블랙사파이어향스파클링,"1,300원"
팜트리)샤인머스캣향스파클링,"1,300원"
정식품)검은콩고칼슘두유병190ML,"1,500원"
정식품)아몬드호두두유병190ML,"1,500원"
정식품)베지밀A병190ML,"1,400원"
종근당)속청쿨75ML,"1,000원"
동아)오란씨파인비타민C350ML,"1,400원"
동아)나랑드사이다제로500ML,"2,000원"
동아)오로나민C120ML,"1,200원"
해태)강원평창수2.0L,"1,500원"
해태)코코팜피치핑크복숭아240ML,"1,100원"
해태)갈아만든배500ML,"2,000원"
조지아)맥스커피240ML,"1,200원"
조지아)카페라떼240ML,"1,200원"
코카)토레타더락토500ML,"1,900원"
파워에이드)마운틴블러스트240ML,"1,100원"
코카)환타파인PET600ML,"2,000원"
코카)태양의마테차500ML,"1,400원"
미닛메이드)오렌지350ML,"1,950원"
코카콜라)암바사캔345ML,"1,400원"
종근당)락토조이제로워터350ML,"2,000원"
남양)십칠차500ML,"1,600원"
동아)모닝케어D100ML,"5,000원"
HK)헛개수1L,"2,500원"
HK)헛개수500ML,"2,000원"
HK)컨디션CEO150ML,"10,000원"
HK)컨디션100ML,"5,000원"
HK)컨디션레이디100ML,"5,000원"
현대)미에로화이바350ML,"1,900원"
현대)미에로화이바210ML,"1,400원"
진로)토닉워터600ML,"2,400원"
진로)토닉워터제로300ML,"1,500원"
하이트)블랙보리520ML,"1,600원"
하이트)블랙보리라이트520ML,"1,600원"
유동커피)제주녹차500ML,"2,000원"
퓨워터)하이드로젠300ML(수소수),"1,500원"
웅진)아침햇살340ML,"1,600원"
웅진)초록매실340ML,"1,600원"
가야)알로에농장500ML,"2,000원"
유어스)샤인머스캣500ML,"2,000원"
웅진)티즐유자그린티500ML,"2,000원"
웅진)티즐피치우롱티500ML,"2,000원"
웅진)누룽지차500ML,"1,600원"
웅진)광명찾은결명자차500ML,"1,600원"
웅진)옥수수수염차500ML,"1,600원"
OKF)그린스무디350ML,"2,000원"
OKF)옐로우스무디350ML,"2,000원"
OKF)워터멜론500ML,"2,000원"
OKF)알로에베라킹500ML,"2,100원"
동원)보성홍차아이스티레몬500,"2,200원"
동원)보성홍차아이스티복숭아500,"2,200원"
동원)보성녹차PET350ML,"1,200원"
일화)천연사이다350ML,"1,200원"
일화)맥콜PET1.25L,"2,500원"
일화)맥콜250ML,"1,400원"
매일)99.89두유190ML,"1,000원"
매일)검은콩두유190ML,"1,000원"
매일)두유식이섬유190ML,"1,000원"
광동)헛개파워100ML,"5,000원"
광동)진한헛개차500ML,"1,800원"
광동)진한헛개차1L,"2,200원"
광동)우엉차500ML,"1,600원"
광동)비타500 180ML,"1,500원"
광동)비타500로열폴리스120ML,"1,500원"
광동)비타500캔240ML,"1,500원"
광동)비타500피지라임250ML,"1,500원"
동서)콜롬비아나블랙240ML,"1,300원"
동서)콜롬비아나아메리카노240ML,"1,300원"
동서)콜롬비아나카페라떼240ML,"1,300원"
맥심)TOP더블랙380ML,"3,000원"
맥심)TOP마스터라떼380ML,"3,000원"
맥심)TOP스위트아메리카노380ML,"3,000원"
맥심)TOP더블랙275ML,"2,400원"
맥심)TOP마스터라떼275ML,"2,400원"
맥심)TOP스위트아메리카노275ML,"2,400원"
뽀로로딸기맛,"1,400원"
뽀로로밀크맛,"1,400원"
유어스)하늘가득사과330ML,"1,900원"
유어스)하늘가득수박330ML,"1,900원"
유어스)하늘가득유자레몬330ML,"1,900원"
유어스)하늘가득자몽330ML,"1,900원"
농심)카프리썬사파리200ML,"1,000원"
농심)카프리썬오렌지200ML,"1,000원"
농심)파워O2(오렌지레몬)500ML,"2,100원"
농심)백산수500ML,950원
농심)백산수2L,"1,700원"
롯데)초단백질바1200,"1,200원"
롯데)초에너지바1200,"1,200원"
롯데)도리토스(갈비천왕)1500,"1,500원"
롯데)도리토스(나쵸치즈맛)1500,"1,500원"
롯데)오잉1500,"1,500원"
롯데)오잉포차꾸잉칩60G,"1,500원"
롯데)쌀로별1500,"1,500원"
롯데)쌀로별진짜새우65G,"1,500원"
롯데)치토스(매콤달콤)1500,"1,500원"
롯데)치토스스모키바베큐1500,"1,500원"
롯데)마가렛트구운모카3000,"3,000원"
롯데)마가렛트오리지널3000,"3,000원"
롯데)몬스터칙촉(쇼콜라)1200,"1,200원"
롯데)카스타드오리지날138G,"3,500원"
롯데)까망씨리얼40G,"1,000원"
롯데)칸쵸1000,"1,000원"
롯데)빠다코코낫1700,"1,700원"
롯데)샌드오리지날1700,"1,700원"
롯데)제크가나초코샌드74G,"1,700원"
롯데)제크오리지날1700,"1,700원"
로아카)다크초콜릿2500,"2,500원"
로아카)밀크초콜릿2500,"2,500원"
로아카)화이트초콜릿2500,"2,500원"
흥선)맥시코코아웨이퍼1000,"1,000원"
흥선)BBQ마쉬멜로우3000,"3,000원"
흥선)아이스붐딸기맛1500,"1,500원"
흥선)아이스붐레몬맛1500,"1,500원"
흥선)아이스붐복숭아맛1500,"1,500원"
흥선)아이스붐자몽맛1500,"1,500원"
흥선)밀카밀크초콜릿2900,"2,900원"
흥선)밀카오레오초콜릿2900,"2,900원"
해태)연양갱900,900원
해태)칼바카카오1000,"1,000원"
해태)자유시간골드1000,"1,000원"
해태)자유시간아몬드1000,"1,000원"
해태)자유시간크리스피1000,"1,000원"
훼밀리)4D보틀구미믹스1500,"1,500원"
서주)탱글탱글젤리(리치)2000,"2,000원"
서주)탱글탱글젤리(망고)2000,"2,000원"
에이스)흑당솔티드카라멜1200,"1,200원"
삼양)까르보불닭볶음면(대컵),"1,600원"
삼양)불닭소스200G,"5,000원"
삼양)불닭스리라차소스200G,"5,000원"
삼양)로제불닭납작당면169G,"3,500원"
삼양)불닭납작당면155G,"3,500원"
흥선)초코콘바이츠96G,"2,500원"
흥선)밀카무40G,"1,000원"
훼밀리)추억의고구마스틱70G,"2,000원"
삼양)별뽀빠이800,800원
삼양)사또밥1300,"1,300원"
삼양)짱구1300,"1,300원"
보노미)페스튜리2000,"2,000원"
해광)프레첼갈릭버터맛85G,"1,700원"
해광)프레첼체다치즈맛85G,"1,700원"
에낙라면과자500,500원
서주)허쉬민트웨하스63G,"2,000원"
서주)허쉬초코웨하스63G,"2,000원"
해태)맛동산(꿀단지)90G,"2,000원"
해태)맛동산2000,"2,000원"
해태)초코홈런볼46G,"1,700원"
해태)홈런볼커스타드크림46G,"1,700원"
에이스)봉평메밀소바칩45G,"1,500원"
에이스)서울시스터즈김치스낵90G,"1,500원"
에이스)돈치킨구운마늘치킨맛,"1,200원"
삼양)불닭짬뽕(봉지),"1,600원"
TDF)조카스타웨이퍼롤메이플400G,"5,900원"
TDF)조카스타웨이퍼롤애플파이,"5,900원"
머거본)믹스너트55G,"2,000원"
머거본)꿀땅콩70G,"1,500원"
머거본)맛땅콩55G,"1,500원"
머거본)커피땅콩60G,"1,300원"
동원)리챔200G,"5,800원"
동원)리챔더블라이트200G,"5,800원"
동원)트러플리챔200G,"5,800원"
동원)큐브참치(고소로제)160G,"5,500원"
동원)큐브참치(매콤고추)160G,"5,500원"
동원)큐브참치(볼케이노)160G,"5,500원"
동원)고추참치150G,"4,000원"
TDF)프레첼초코볼2000,"2,000원"
오리온)마이구미(청포도)1000,"1,000원"
오리온)마켓오민티페퍼민트2500,"2,500원"
오리온)마켓오민티피치민트2500,"2,500원"
오리온)톡핑아몬드&그래놀라2000,"2,000원"
오리온)톡핑헤이즐넛&그래놀라,"2,000원"
오리온)꼬물탱1200,"1,200원"
오리온)더탱글마이구미1200,"1,200원"
농심)츄파춥스사워크롤러1200,"1,200원"
광동)비타500젤리1200,"1,200원"
하림)장인라면담백한맛(대컵),"2,800원"
하림)장인라면얼큰한맛(대컵),"2,800원"
오뚜기)짜슐랭(봉지),"1,250원"
오뚜기)진비빔면(봉지),"1,150원"
오뚜기)라면볶이(대컵),"1,500원"
오뚜기)마요짜장볶이(대컵),"1,500원"
오뚜기)스파게티(대컵),"1,500원"
오뚜기)치즈볶이(대컵),"1,500원"
오뚜기)육개장(소컵),950원
농심)배홍동비빔면(봉지),"1,050원"
농심)무파마탕면(봉지),"1,250원"
팔도)틈새비빔면(대컵),"1,600원"
팔도)비빔면(대컵),"1,150원"
농심)신라면블랙두부김치(대컵),"1,700원"
농심)신라면블랙사발,"1,700원"
농심)신라면볶음면큰사발,"1,600원"
농심)신볶게티큰사발,"1,600원"
농심)카구리큰사발,"1,600원"
농심)김치큰사발,"1,250원"
농심)새우탕큰사발,"1,250원"
농심)쿡탐부대찌개면(대컵),"3,800원"
농심)신라면건면사발,"1,500원"
농심)쌀국수(용기),"1,500원"
오리온)오그래놀라초코고래밥30G,800원
대상)양조간장500ML,"4,600원"
대상)진간장500ML,"3,700원"
대상)국간장500ML,"4,900원"
포스트)콘푸라이트300G,"4,500원"
동서)단백질바50G,"1,700원"
오뚜기)오뚜기카레(순)100G,"2,500원"
오뚜기)카레(약간매운맛)100G,"2,500원"
오뚜기)카레분말매운맛100G,"2,500원"
오뚜기)사골곰탕500G,"2,500원"
오뚜기)LA갈비덮밥(컵밥),"4,800원"
오뚜기)김치참치덮밥(컵밥),"4,800원"
오뚜기)매콤낙지덮밥(컵밥),"4,800원"
오뚜기)수원식갈비탕밥311G(컵밥,"4,800원"
오뚜기)제육덮밥(컵밥),"4,800원"
오뚜기)중화XO게살덮밥(컵밥),"4,800원"
오뚜기)차돌강된장보리밥(컵밥),"4,800원"
오뚜기)톡톡김치알밥(컵밥),"4,800원"
리스테린)그린티250ML,"5,000원"
리스테린)그린티100ML,"2,100원"
리스테린)쿨민트마일드100ML,"2,100원"
나뚜루)녹차파인트,"12,900원"
나뚜루)딸기파인트,"12,900원"
나뚜루)바닐라파인트,"12,900원"
나뚜루)스트로베리치즈파인트,"12,900원"
나뚜루)체리블라썸파인트474ML,"12,900원"
나뚜루)초코파인트,"12,900원"
가그린)오리지널380ML,"4,900원"
가그린)제로380ML,"4,900원"
가그린)라임100ML,"1,900원"
가그린)오리지널100ML,"1,900원"
라엘)유기농중형4P,"3,200원"
라엘)유기농순면커버중형14P,"8,500원"
크리넥스)여행용티슈70매,"1,300원"
크리넥스)KF-AD컴포트핏마스크,"1,100원"
크라운)국희땅콩샌드1200,"1,200원"
크라운)참크래커1200,"1,200원"
오리온)후레쉬베리3300,"3,300원"
오리온)치즈뿌린치킨팝1000,"1,000원"
오리온)치킨팝(닭강정)1000,"1,000원"
오리온)돌아온배배1500,"1,500원"
오리온)돌아온와클76G,"1,500원"
오리온)통크초코1200,"1,200원"
농심)쁘띠파리롤브레드80G,"2,000원"
농심)감튀레드칠리맛60G,"1,600원"
농심)바나나킥팝콘70G,"1,600원"
농심)옥수수깡70G,"1,600원"
농심)옥수수깡팝콘70G,"1,600원"
농심)옥수수깡하바나맛70G,"1,600원"
동서)골든그래놀라밀크바1200,"1,200원"
동서)콘푸라이트밀크바1200,"1,200원"
동서)리츠레몬샌드96G,"2,000원"
리츠샌드위치크래커96G,"2,000원"
오레오)웨하스스틱초코75G,"2,800원"
동서)오레오레드벨벳94G,"1,900원"
동서)오레오민트초코80G,"1,900원"
동서)오레오씬즈바닐라무스84G,"1,900원"
오레오)씬즈초코무스84G,"1,900원"
프링글스)매운맛53G(소),"1,800원"
프링글스)양파53G(소),"1,800원"
프링글스)오리지날53G(소),"1,800원"
프링글스)매콤한맛(대),"3,700원"
프링글스)양파맛(대),"3,700원"
프링글스)오리지날(대),"3,700원"
프링글스)치즈맛(대),"3,700원"
벡셀)알카라인AA2입,"2,900원"
벡셀)알카라인AAA2입,"2,900원"
벡셀)알카라인AA4입,"4,900원"
벡셀)알카라인AAA4입,"4,900원"
마이베프)이빨은원래하얗츄10P,"9,900원"
그르르)고구마오리말이80G,"3,900원"
그르르)닭가슴살스틱80G,"3,900원"
그르르)치킨말이우유껌80G,"3,900원"
그르르)치킨말이치즈우유껌80G,"3,900원"
그르르)훈제오리슬라이스80G,"3,900원"
골드로니)순살스틱4P(닭가슴살),"3,600원"
골드로니)순살스틱4P(연어),"3,600원"
골드로니)순살스틱4P(오리안심),"3,600원"
동물농장)소고기&스피루리나스틱,"3,500원"
동물농장)연어&프로바이오틱스,"3,500원"
동물농장)황태&클로렐라소프트,"3,500원"
동물농장)덴탈조인트껌4P(64G),"5,500원"
동물농장)오리날개80G,"4,900원"
동물농장)오리목뼈80G,"4,900원"
동물농장)프로바이오틱껌블루베,"3,500원"
동물농장)프로바이오틱크렌베리,"3,500원"
동물농장)캣소프트져키닭가슴살,"3,500원"
동물농장)캣스틱닭가슴살&연어,"3,500원"
동물농장)캣스틱닭가슴살&참치,"3,500원"
유어스)그르르냐옹스틱(닭가슴),900원
유어스)그르르냐옹스틱(연어),900원
유어스)그르르냐옹스틱(참치),900원
동물농장)닭가슴살하드35G,"3,900원"
하림)애견사료(소고기)200G,"4,400원"
프리스키)파티믹스비치(60G),"4,500원"
프리스키)파티믹스클래식(60G),"4,500원"
뉴트리스틱)참치&닭가슴살14G*4,"3,000원"
뉴트리스틱)참치&연어14G*4,"3,000원"
뉴트리스틱)참치14G*4,"3,000원"
동원)뉴트리플랜흰살참치와멸치,"1,500원"
동원)뉴트리플랜흰살참치와치즈,"1,500원"
동원)애묘캔-흰살참치와닭가슴살,"1,500원"
동원)애묘파우치(참치와연어)80G,"1,500원"
유어스)동물농장애묘습식(멸치),"1,500원"
유어스)동물농장애묘습식(참치),"1,500원"
대림)한입에꼬치다(매운맛)100G,"2,300원"
대림)한입에꼬치다100G,"2,300원"
대림)블랙페퍼직화닭가슴살115G,"3,500원"
대림)랍스터킹128G,"3,600원"
대림)치즈쏙크라비아60G,"2,200원"
대림)비엔나에꼬치다90G,"2,500원"
대림)양꼬치맛에꼬치다100G,"2,500원"
삼립)그릭닭가슴살후랑크70G,"1,800원"
삼립)페스츄리불고기피자,"2,500원"
삼립)페스츄리콤비네이션피자,"2,500원"
삼립)페스츄리트러플머쉬룸피자,"2,500원"
삼립)페스츄리후랑크소시지피자,"2,500원"
삼립)생치즈피자불고기,"2,700원"
삼립)생치즈피자콤비네이션,"2,700원"
헤일로탑)씨쏠트카라멜473ML,"11,300원"
헤일로탑)피넛버터473ML,"11,300원"
허쉬)가나슈녹차파인트474ML,"10,900원"
허쉬)가나슈딸기파인트474ML,"10,900원"
허쉬)가나슈바나나파인트474ML,"10,900원"
허쉬)가나슈바닐라파인트474ML,"10,900원"
허쉬)가나슈초코파인트474ML,"10,900원"
리뉴)멀티플러스355ML,"7,500원"
리뉴)멀티플러스120ML,"3,000원"
리뉴)여행용패키지60ML,"3,000원"
질레트)퓨전메뉴얼면도날2입,"19,300원"
질레트)스킨텍면도날2입,"22,500원"
페브리즈에어)라벤더향275G,"8,200원"
페브리즈에어)맑은하늘바람275G,"8,200원"
반찬단지)가리비탕탕이젓80G,"3,000원"
반찬단지)낙지탕탕이젓80G,"3,000원"
반찬단지)오징어탕탕이젓80G,"3,000원"
반찬단지)창난탕탕이젓80G,"3,000원"
삼립)치킨버터갈릭오븐구이,"6,900원"
삼립)치킨히말라야소금구이,"6,900원"
삼립)하이면고기국수196G,"3,800원"
삼립)하이면장칼국수206G,"3,800원"
심플리쿡)반반연탄불고기,"6,900원"
심플리쿡)직화쭈꾸미삼겹살190G,"7,900원"
심플리쿡)치킨스테이크230G,"6,900원"
심플리쿡)통목살스테이크180G,"6,900원"
심플리쿡)마늘고추닭강정250G,"6,900원"
오뚜기)직화닭발150G,"9,500원"
오뚜기)리얼바삭한빅핫도그120G,"2,600원"
오뚜기)새우볶음밥230G,"4,300원"
오뚜기)참치김치치즈볶음밥230G,"4,300원"
오뚜기)철판감자탕볶음밥230G,"4,300원"
오뚜기)불고기피자UNO180G,"5,500원"
오뚜기)콤비네이션피자UNO195G,"5,500원"
오뚜기)컵피자콤비네이션,"3,800원"
퍼피아이)먼치껌35P,"3,500원"
퍼피아이)우유껌5P,"1,700원"
고양이)치킨어포샌드위치30G,"2,000원"
고양이)캣닙치킨슬라이스27G,"2,000원"
시니어소프트)연어소시지100G,"3,300원"
헬로키티)츄츄(고양이간식/참치),800원
샤프란)핑크센세이션1L,"3,900원"
테크750G,"5,500원"
쏘피)내몸에순한면라이너28P,"4,700원"
쏘피)볼록맞춤중형4P,"1,700원"
CJ)삼호어묵얼큰오뎅한그릇360G,"3,300원"
CJ)삼호어묵오뎅한그릇360G,"3,300원"
롯데)의성마늘프랑크70G(2입),"3,600원"
롯데)키스틱55G,"1,800원"
유어스)강철부대빅팜60G,"1,800원"
사세)버팔로윙봉220G,"5,900원"
롯데)빅핫도그140G,"2,800원"
CJ)비비고썰은배추김치60G,"1,100원"
CJ)비비고김치400G,"5,200원"
CJ)비비고김치볶음150G,"2,700원"
CJ)비비고김치볶음80G,"1,600원"
CJ)비비고썰은배추김치100G,"1,600원"
삼양)한입고기찐만두168G,"2,900원"
삼양)한입김치찐만두168G,"2,900원"
CJ)스팸김치볶음밥220G,"3,500원"
CJ)스팸볶음밥220G,"3,500원"
CJ)고메치킨고추크런치180G,"5,400원"
CJ)비비고김치왕교자385G,"5,400원"
CJ)비비고매운왕교자315G,"5,400원"
CJ)비비고왕교자420G,"5,400원"
순수향)한입갈비만두180G,"2,800원"
대림)한입피자고르곤졸라80G,"1,900원"
대림)한입피자콤비네이션80G,"1,900원"
대림)숯불구이후랑크70G(2입),"3,200원"
해태)고향만두415G,"4,800원"
해태)고향만두김치450G,"4,800원"
진주)천하장사BIG70G,"2,200원"
진주)천하장사치즈60G,"2,000원"
진주)천하장사50G,"1,800원"
갓생)구운양파소시지80G,"2,000원"
갓생)허니버터소시지80G,"2,000원"
유어스)207소세지120G,"2,100원"
동서)오틀리오리지널250ML,"2,000원"
동서)오틀리초코250ML,"2,000원"
진주)포차닭발볶이205G,"7,900원"
오늘의)반마리치킨400G,"7,500원"
오늘의)닭다리340G,"7,900원"
킬바사핫도그139G,"2,000원"
갓생)와사비소스에빠진크래미,"2,800원"
한성)크래미90G,"2,400원"
니베아)퍼펙트선세럼90ML,"20,800원"
니베아)데오드란트60ML(드라이),"7,500원"
니베아)썬로션50ML(SPF50+),"7,900원"
갸스비)수퍼하드스타일링젤200G,"5,500원"
갸스비)그란지매트왁스80G,"9,800원"
니베아)립케어망고샤인4.8G,"4,100원"
LIF)옥수수밀크180ML,"1,100원"
제니코)스모크스트링치즈,"1,500원"
제니코)스트링치즈24G,"1,500원"
제니코)저지방스트링치즈24G,"1,500원"
유어스)마블야쿠르트그랜드450ML,"1,900원"
Y)야쿠르트그랜드라이트280ML,"1,400원"
Y)야쿠르트그랜드샤인머스캣280,"1,400원"
유어스)야쿠르트그랜드280ML,"1,400원"
유어스)야쿠르트그랜드딸기280ML,"1,400원"
롯데)위편한하루150ML,"1,600원"
랩노쉬)드링크감자&솔티드카라멜,"2,200원"
랩노쉬)드링크고구마&펌킨,"2,200원"
남양)맛있는우유GT딸기300ML,"1,600원"
남양)맛있는우유GT초코300ML,"1,600원"
남양)맛있는우유GT커피300ML,"1,600원"
남양)루카스라떼250ML,"2,200원"
남양)루카스아메리카노250ML,"2,200원"
남양)FC로스터리돌체연유라떼,"2,200원"
남양)FC로스터리블랙글레이즈드,"2,200원"
남양)FC로스터리에스프레소라떼,"2,200원"
남양)FC로스터리카라멜마끼아또,"2,200원"
남양)프렌치카페(카페오레),"1,700원"
남양)프렌치카페(카푸치노),"1,700원"
남양)프렌치카페카라멜마키아또,"1,700원"
서울)강릉커피너티크림라떼250ML,"2,500원"
서울)강릉커피라떼250ML,"2,500원"
서울)스페셜티마일드250ML,"2,200원"
서울)스페셜티카페라떼250ML,"2,200원"
서울)비요뜨(링크)138G,"1,500원"
서울)비요뜨(초코링),"1,500원"
서울)비요뜨(초코크리스피)142G,"1,500원"
서울)비요뜨(초코팝)143G,"1,500원"
서울)비요뜨(쿠키앤크림)136G,"1,500원"
서울)비요뜨(크런치볼),"1,500원"
서울)검은콩우유블랙300ML,"1,650원"
서울)딸기우유300ML,"1,650원"
서울)바나나우유300ML,"1,650원"
서울)초코우유300ML,"1,650원"
서울)커피우유300ML,"1,650원"
맥심)TOP플라워피니시라떼360ML,"2,500원"
맥심)TOP플라워피니시블랙360ML,"2,500원"
맥심)TOP심플리스무스라떼240ML,"1,900원"
맥심TOP)스위트아메리카노240ML,"1,900원"
맥심TOP)심플리스무스블랙240ML,"1,900원"
맥심)TOP너티카라멜라떼300ML,"2,400원"
맥심)TOP마일드라떼300ML(컵),"2,400원"
맥심)TOP볼드라떼300ML(컵),"2,400원"
맥심)TOP에스프레소라떼300ML,"2,400원"
빙그레)요플레프로틴맥스210ML,"3,200원"
유어스)아카페라라떼380ML,"2,500원"
유어스)아카페라바닐라380ML,"2,500원"
유어스)아카페라카라멜380ML,"2,500원"
빙그레)통모짜스트링치즈18G,"1,200원"
유어스)오늘의과일야채ABC190ML,"1,200원"
유어스)오늘의과일야채사과190ML,"1,200원"
유어스)오늘의과일야채포도190ML,"1,200원"
빙그레)요플레토핑다크초코,"1,500원"
빙그레)요플레토핑프레첼&초코,"1,500원"
빙그레)프로틴딸기바나나210ML,"2,900원"
빙그레)프로틴플레인210ML,"2,900원"
빙그레)닥터캡슐베리믹스130ML,"1,900원"
빙그레)닥터캡슐사과130ML,"1,900원"
빙그레)닥터캡슐프로텍트130ML,"1,900원"
빙그레)아카페라사이즈업라떼,"2,200원"
빙그레)아카페라사이즈업바닐라,"2,200원"
빙그레)아카페라사이즈업아메리,"2,200원"
빙그레)아카페라사이즈업아샷추,"2,200원"
빙그레)스페셜티컵마끼아또300ML,"2,500원"
빙그레)스페셜티컵바닐라라떼300,"2,500원"
이디야)돌체콜드브루300ML,"2,700원"
이디야)바닐라라떼300ML,"2,700원"
이디야)쇼콜라모카300ML,"2,700원"
이디야)카페라떼300ML,"2,700원"
이디야)토피넛시그니처라떼300ML,"2,700원"
랩노쉬)마시는식사마일드라떼,"2,900원"
랩노쉬)마시는식사마일드카카오,"2,900원"
델몬트)콜드쥬스오렌지250ML,"1,400원"
델몬트)콜드쥬스포도250ML,"1,400원"
롯데)오가닉레드비트&배&토마토,"1,400원"
롯데)오가닉사과&당근125ML,"1,400원"
롯데)오가닉적포도&보라당근,"1,400원"
푸르밀)마리아바닐라라떼300ML,"2,700원"
푸르밀)마리아스모키라떼300ML,"2,700원"
푸르밀)웰치사과에이드250ML,"1,500원"
푸르밀)웰치포도에이드250ML,"1,500원"
매일)어메이징오트언스위트190ML,"1,200원"
매일)어메이징오트오리지널190ML,"1,200원"
매일)바이오드링킹딸기250ML,"2,000원"
매일)바이오드링킹블루베리250ML,"2,000원"
매일)바이오드링킹플레인250ML,"2,000원"
매일)엔요280ML,"1,400원"
유어스)달고나라떼250ML,"2,000원"
매일)상하미니칼슘체다치즈48G,"2,200원"
매일)상하미니크림치즈48G,"2,200원"
매일)과일야채샐러드레드190ML,"1,800원"
매일)과일야채샐러드퍼플190ML,"1,800원"
매일)허쉬초코렛드링크235ML,"1,200원"
매일)허쉬초코렛프로틴235ML,"1,200원"
매일)허쉬쿠키앤크림235ML,"1,200원"
매일)바리스타바닐라빈라떼325ML,"2,700원"
매일)바리스타쇼콜라모카325ML,"2,700원"
매일)바리스타콜드브루블랙325ML,"2,700원"
매일)바리스타플라넬드립라떼325,"2,700원"
매일)바리스타로슈거에스프레소,"2,200원"
매일)바리스타모카프레소250ML,"2,200원"
매일)바리스타스모키250ML,"2,200원"
매일)바리스타에스프레소라떼250,"2,200원"
매일)바리스타카라멜프레소250ML,"2,200원"
매일)우유속에딸기과즙우유300ML,"1,650원"
매일)우유속에코코아300ML,"1,650원"
매일)커피속에모카치노300ML,"1,650원"
동원)오리진모카라떼300ML,"2,700원"
동원)오리진바닐라라떼300ML,"2,700원"
동원)오리진아메리카노300ML,"2,700원"
덴마크)오리진돌체라떼250ML,"2,200원"
덴마크)오리진카페라떼250ML,"2,200원"
덴마크)오리진토피넛라떼250ML,"2,200원"
동원)쿨피스(복숭아)450ML,800원
갓생기획)노티드라즈베리밀크,"1,500원"
갓생기획)노티드바나나밀크300ML,"1,500원"
갓생기획)노티드바닐라밀크300ML,"1,500원"
덴마크)요거밀왕초코링134G,"1,500원"
덴마크)얼라이브망고250ML,"1,600원"
덴마크)얼라이브머스캣청포도250,"1,600원"
덴마크)얼라이브블러드오렌지250,"1,600원"
덴마크)얼라이브스위티자몽250ML,"1,600원"
덴마크)요구르트딸기300ML,"2,000원"
덴마크)요구르트베리믹스300ML,"2,000원"
덴마크)요구르트복숭아300ML,"2,000원"
덴마크)요구르트사과300ML,"2,000원"
덴마크)요구르트샤인머스캣310ML,"2,000원"
덴마크)요구르트플레인300ML,"2,000원"
유어스(P)버터커피250ML,"2,500원"
유어스)타이거슈가흑당밀크티300,"2,500원"
유어스)타이거슈가흑당카페라떼,"2,500원"
덴마크)콩카페연유라떼250ML,"2,200원"
덴마크)콩카페코코넛라떼250ML,"2,200원"
효성)소세지어묵바90G,"2,500원"
효성)치즈어묵바80G,"2,500원"
효성)땡초어묵바80G,"2,500원"
행복담기)계란꼬치(소시지)110G,"2,500원"
행복담기)계란꼬치(햄치즈)110G,"2,500원"
대광)오리지널닭가슴살110G,"2,900원"
대광)훈제닭가슴살110G,"2,900원"
제주에어)불고기치즈피자100G,"2,500원"
제주에어)콤비네이션피자100G,"2,500원"
대파닭꼬치180G(데리야끼),"5,900원"
리치)매콤불맛바베큐치킨160G,"3,700원"
리치)훈제치킨골드160G,"3,700원"
오늘의)매콤시즈닝먹태35G,"4,800원"
동원)양반쇠고기죽287Ｇ,"4,500원"
동원)양반전복죽287G,"4,500원"
종가집)맛김치130G,"2,100원"
종가집)볶음김치80G,"1,600원"
종가집)맛김치75G,"1,300원"
종가집)맛김치80G,"1,300원"
대상)안주야직화무뼈닭발160G,"8,900원"
대상)안주야직화불막창160G,"8,900원"
뉴트로지나)딥클린포밍클렌100G,"8,900원"
존슨즈베이비핑크로션100ML,"6,000원"
존슨즈)화이트후레쉬로션100ML,"6,000원"
ZK)남성면덧신1+1,"4,500원"
ZK)여성소프트덧신1+1,"4,500원"
ZK)바닥쿠션덧신(회색),"4,800원"
포인트)올인원클렌징티슈20P,"2,700원"
